,Forecast,Lower_ci,Upper_ci
2026-07-01,8331543.971078461,7625318.568136078,9037769.374020845
2026-08-01,8299128.705090571,7133082.299827011,9465175.110354131
2026-09-01,7157359.250373379,5705075.823678773,8609642.677067986
2026-10-01,7098618.300585526,5436821.017928409,8760415.583242644
2026-11-01,6485577.5413186,4660871.302113416,8310283.780523784
2026-12-01,7321984.008772686,5366476.730019944,9277491.287525428
2027-01-01,6942532.080438625,4879898.809152318,9005165.351724932
2027-02-01,6562421.660876938,4410868.544233231,8713974.777520645
2027-03-01,7533745.45398973,5307673.455863207,9759817.452116255
2027-04-01,7033123.287298555,4744153.471914062,9322093.102683047
2027-05-01,7245357.61481979,4903007.011687774,9587708.217951806
2027-06-01,7574488.688276945,5186638.9928906225,9962338.383663267
2027-07-01,8330349.75343722,5800608.9857322145,10860090.521142226
2027-08-01,8242059.689181795,5545877.0237524975,10938242.354611093
2027-09-01,7183531.03741167,4350403.060634296,10016659.014189044
2027-10-01,7128484.085700098,4181315.2514412785,10075652.91995892
2027-11-01,6478439.136861307,3435470.1382440617,9521408.135478552
2027-12-01,7318540.362655935,4194563.829744203,10442516.895567667
2028-01-01,6950923.251240046,3758098.8040403775,10143747.698439714
2028-02-01,6583387.942254056,3331814.815097007,9834961.069411106
2028-03-01,7556372.524570763,4254506.848596552,10858238.200544974
2028-04-01,7040207.025058493,3695174.8975695204,10385239.152547466
2028-05-01,7277411.866638079,3895249.8336173096,10659573.89965885
2028-06-01,7580825.463618711,4166668.84203038,10994982.085207041
